name,population,region,GDP
India,1476625576.0,Asia,3912686168582.0
China,1412914089.0,Asia,18743803170827.0
United States,349035494.0,Northern America,29184890000000.0
Indonesia,287886782.0,Asia,1396300098191.0
Pakistan,259299791.0,Asia,373071855732.0
Nigeria,242431832.0,Africa,187759703100.0
Brazil,213562666.0,Latin America,2179412080829.0
Bangladesh,177818044.0,Asia,450119424622.0
Russia,143394458.0,Europe,2173835806672.0
Ethiopia,138902185.0,Africa,142073000000.0
Mexico,132997658.0,Latin America,1852722885258.0
Japan,122427731.0,Asia,4026210821147.0
Egypt,120101175.0,Africa,389059911004.0
Philippines,117724471.0,Asia,461617509782.0
DR Congo,116452162.0,Africa,70749355652.0
Vietnam,102177431.0,Asia,476388230307.0
Iran,93168497.0,Asia,436906331672.0
Turkey,87926082.0,Asia,1323254808059.0
Germany,83644258.0,Europe,4659929336891.0
Tanzania,72563780.0,Africa,78779864877.0
Thailand,71559614.0,Asia,526411265428.0
United Kingdom,69931528.0,Europe,3643834188783.0
France,66746401.0,Europe,3162079073496.0
South Africa,65453084.0,Africa,400260724226.0
Italy,58926166.0,Europe,2372774547793.0
Kenya,58636412.0,Africa,124498691699.0
Myanmar,55184819.0,Asia,74079772652.0
Colombia,53936226.0,Latin America,418542042920.0
Sudan,53282719.0,Africa,49909807030.0
Uganda,52761469.0,Africa,53651874314.0
South Korea,51600388.0,Asia,1875388000000.0
Algeria,48028334.0,Africa,263619794507.0
Iraq,48007437.0,Asia,279641257615.0
Spain,47850793.0,Europe,1722745978335.0
Argentina,46003734.0,Latin America,633266692534.0
Afghanistan,45047069.0,Asia,17817000000.0
Yemen,42961653.0,Asia,8058000000.0
Canada,40467728.0,Northern America,2241253230970.0
Angola,40215179.0,Africa,80396942242.0
Ukraine,39535849.0,Europe,190741263732.0
Morocco,38762441.0,Africa,154430996473.0
Poland,37843188.0,Europe,914696430325.0
Uzbekistan,37724223.0,Asia,114965293467.0
Mozambique,36639851.0,Africa,22416650343.0
Malaysia,36385115.0,Asia,421972102254.0
Ghana,35697557.0,Africa,82825288889.0
Saudi Arabia,35165787.0,Asia,1237529866667.0
Peru,34922148.0,Latin America,289221969060.0
Madagascar,33522052.0,Africa,17420814801.0
Côte d'Ivoire,33494346.0,Africa,86538413923.0
Cameroon,30640817.0,Africa,51326764685.0
Nepal,29629410.0,Asia,42914268287.0
Niger,28814878.0,Africa,19537639288.0
Venezuela,28633711.0,Latin America,120566000000.0
Australia,27227096.0,Oceania,1752193307380.0
North Korea,26633691.0,Asia,16446632290.0
Syria,26472497.0,Asia,19993439950.0
Mali,25932275.0,Africa,26588067731.0
Burkina Faso,24601700.0,Africa,23250214910.0
Sri Lanka,23348315.0,Asia,98963185510.0
Malawi,22785535.0,Africa,11008925323.0
Zambia,22521915.0,Africa,26325775287.0
Chad,21560380.0,Africa,20625711665.0
Kazakhstan,21083626.0,Asia,288406138231.0
Somalia,20305907.0,Africa,12108515110.0
Chile,19945850.0,Latin America,330267137372.0
Senegal,19366548.0,Africa,32267254425.0
Guatemala,18967978.0,Latin America,113199586004.0
Romania,18800605.0,Europe,382767571329.0
Netherlands,18448775.0,Europe,1227543925316.0
Ecuador,18444506.0,Latin America,124676074700.0
Cambodia,18051219.0,Asia,46352647035.0
Zimbabwe,17273580.0,Africa,44187704410.0
Guinea,15441993.0,Africa,25334307879.0
Benin,15170419.0,Africa,21482643720.0
Rwanda,14889693.0,Africa,14251642231.0
Burundi,14729157.0,Africa,2162378759.0
Bolivia,12749291.0,Latin America,49668296744.0
South Sudan,12436037.0,Africa,4637000000.0
Tunisia,12415138.0,Africa,53409988745.0
Haiti,12037506.0,Latin America,25224154991.0
Belgium,11774642.0,Europe,664564181487.0
Dominican Republic,11609500.0,Latin America,124282245639.0
Jordan,11589532.0,Asia,53352289577.0
United Arab Emirates,11574682.0,Asia,537078829135.0
Honduras,11184760.0,Latin America,37093565854.0
Tajikistan,10978599.0,Asia,14204575549.0
Papua New Guinea,10947848.0,Oceania,32538480024.0
Cuba,10892659.0,Latin America,201985998168.0
Sweden,10701047.0,Europe,610117791237.0
Czech Republic (Czechia),10527781.0,Europe,345036675975.0
Azerbaijan,10454855.0,Asia,74315882353.0
Portugal,10395362.0,Europe,308683317393.0
Togo,9930918.0,Africa,9925732120.0
Greece,9897115.0,Europe,257144811302.0
Israel,9647689.0,Asia,540379921262.0
Hungary,9585818.0,Europe,222904723252.0
Austria,9107266.0,Europe,521642466922.0
Switzerland,9007798.0,Europe,936564198049.0
Sierra Leone,8996745.0,Africa,7547843281.0
Belarus,8937018.0,Europe,75961865472.0
Laos,7974017.0,Asia,16502933121.0
Turkmenistan,7736632.0,Asia,64239891739.0
Libya,7539851.0,Africa,46636278902.0
Kyrgyzstan,7400465.0,Asia,17478259659.0
Nicaragua,7097329.0,Latin America,19693982968.0
Paraguay,7095279.0,Latin America,44458118400.0
Bulgaria,6667659.0,Europe,112211952704.0
Serbia,6641964.0,Europe,89083506277.0
Congo,6637785.0,Africa,15719985776.0
El Salvador,6391253.0,Latin America,35364960000.0
Denmark,6023520.0,Europe,429457372072.0
Singapore,5905748.0,Asia,547386645892.0
Lebanon,5897467.0,Asia,29339000000.0
Liberia,5853949.0,Africa,4750000000.0
Central African Republic,5698984.0,Africa,2751544520.0
State of Palestine,5692790.0,Asia,13711100000.0
Oman,5671458.0,Asia,106942782835.0
Norway,5652989.0,Europe,483727398216.0
Finland,5621739.0,Europe,299835625551.0
Mauritania,5461319.0,Africa,10766731874.0
Slovakia,5451342.0,Europe,141775733420.0
Ireland,5356950.0,Europe,577389475010.0
New Zealand,5287479.0,Oceania,260235932559.0
Costa Rica,5174789.0,Latin America,95350423177.0
Kuwait,5102773.0,Asia,160227273001.0
Panama,4625718.0,Latin America,86260400000.0
Croatia,3822345.0,Europe,92526176109.0
Georgia,3804642.0,Asia,33776141251.0
Eritrea,3682669.0,Africa,2275290216.0
Mongolia,3556798.0,Asia,23586055802.0
Uruguay,3382537.0,Latin America,80961511074.0
Qatar,3173559.0,Asia,217982967033.0
Namibia,3153246.0,Africa,13372354269.0
Bosnia and Herzegovina,3114242.0,Europe,28343394203.0
Moldova,2961253.0,Europe,18200340854.0
Armenia,2930915.0,Asia,25786585950.0
Gambia,2884079.0,Africa,2507519958.0
Jamaica,2833403.0,Latin America,19930288337.0
Lithuania,2797338.0,Europe,84869215513.0
Albania,2751025.0,Europe,27177735528.0
Gabon,2647399.0,Africa,20867044936.0
Botswana,2603388.0,Africa,19400774882.0
Lesotho,2389336.0,Africa,2271541846.0
Guinea-Bissau,2297808.0,Africa,2119865935.0
Slovenia,2114573.0,Europe,72485008929.0
Equatorial Guinea,1984468.0,Africa,12765777677.0
Latvia,1835935.0,Europe,43520773851.0
North Macedonia,1804063.0,Europe,16685236492.0
Bahrain,1675572.0,Asia,47736702128.0
Trinidad and Tobago,1513268.0,Latin America,26428963758.0
Timor-Leste,1436923.0,Asia,1881265333.0
Cyprus,1382334.0,Asia,36333022329.0
Estonia,1331062.0,Europe,42764929169.0
Eswatini,1269859.0,Africa,4891883720.0
Mauritius,1265059.0,Africa,14952555415.0
Djibouti,1199459.0,Africa,4086402719.0
Fiji,937282.0,Oceania,5840564073.0
Comoros,899010.0,Africa,1546164420.0
Solomon Islands,858288.0,Oceania,1760767447.0
Guyana,840890.0,Latin America,24835899826.0
Bhutan,802214.0,Asia,3147000000.0
Luxembourg,687448.0,Europe,93197329012.0
Suriname,645256.0,Latin America,4714267822.0
Montenegro,626233.0,Europe,8069536126.0
Malta,549011.0,Europe,24322006608.0
Maldives,531517.0,Asia,6975146349.0
Cabo Verde,529630.0,Africa,2767599017.0
Brunei,469775.0,Asia,15463134387.0
Belize,428644.0,Latin America,3515783329.0
Bahamas,404628.0,Latin America,15832800000.0
Iceland,402329.0,Europe,33462807983.0
Vanuatu,342564.0,Oceania,1161251868.0
Barbados,282724.0,Latin America,7165000000.0
Sao Tome & Principe,244994.0,Africa,764274043.0
Samoa,220528.0,Oceania,1068025244.0
Saint Lucia,180488.0,Latin America,2549062963.0
Kiribati,138445.0,Oceania,307862547.0
Seychelles,134959.0,Africa,2167239562.0
Grenada,117362.0,Latin America,1391435993.0
Micronesia,114183.0,Oceania,471425099.0
Tonga,103291.0,Oceania,646000000.0
St. Vincent & Grenadines,99245.0,Latin America,1157207407.0
Antigua and Barbuda,94626.0,Latin America,2224814815.0
Andorra,83753.0,Europe,4039844390.0
Dominica,65511.0,Latin America,688881481.0
Saint Kitts & Nevis,46992.0,Latin America,1066681481.0
Liechtenstein,40368.0,Europe,8465000000.0
Monaco,38087.0,Europe,9995350547.0
Marshall Islands,35075.0,Oceania,280357844.0
San Marino,33605.0,Europe,2086000000.0
Palau,17614.0,Oceania,322000000.0
Nauru,12101.0,Oceania,160350640.0
Tuvalu,9362.0,Oceania,56000000.0
Holy See,506.0,Europe,0
Taiwan,23011292.0,China,801495000000.0
Hong Kong,7378602.0,China,407106738445.0
Puerto Rico,3222688.0,U.S.,125841500000.0
Réunion,886298.0,France,0
Macao,723188.0,China,50183212761.0
Western Sahara,610813.0,(disputed),0
Guadeloupe,372453.0,France,0
Mayotte,347536.0,France,0
Martinique,337711.0,France,0
French Guiana,318872.0,France,0
New Caledonia,297892.0,France,10139988153.0
French Polynesia,283076.0,France,6402221222.0
Curaçao,185440.0,Netherlands,3281419347.0
Guam,170185.0,U.S.,6910000000.0
Aruba,108164.0,Netherlands,4285000000.0
Isle of Man,84055.0,U.K.,7431257411.0
U.S. Virgin Islands,83400.0,U.S.,4672000000.0
Cayman Islands,77196.0,U.K.,7139428558.0
Bermuda,64459.0,U.K.,8980200000.0
Faeroe Islands,56526.0,Denmark,3907323961.0
Greenland,55629.0,Denmark,3326544174.0
Turks and Caicos,47148.0,U.K.,1745378000.0
American Samoa,45319.0,U.S.,871000000.0
Sint Maarten,44447.0,Netherlands,1735210228.0
Northern Mariana Islands,42914.0,U.S.,1096000000.0
Gibraltar,40867.0,U.K.,0
British Virgin Islands,39936.0,U.K.,1505856107.0
Caribbean Netherlands,31913.0,Netherlands,0
Saint Martin,23898.0,France,649206156.0
Anguilla,14817.0,U.K.,415735284.0
Cook Islands,12826.0,partlyNew Zealand,366211548.0
Saint Barthelemy,11550.0,France,0
Wallis & Futuna,11113.0,France,0
Saint Pierre & Miquelon,5513.0,France,0
Saint Helena,5147.0,U.K.,0
Montserrat,4328.0,U.K.,80429630.0
Falkland Islands,3465.0,U.K.,0
Tokelau,2691.0,New Zealand,0
Niue,1822.0,partlyNew Zealand,0
